﻿Designator,Footprint,Quantity,Value,LCSC Part #
"AM0, AM1, AM2, AM3, AM4, AM5, AM6",SSOP-24_5.3x8.2mm_P0.65mm,7,CD74HC4067SM,C98457
AM0:0,VoidSwitch_1.75u_SMD,1,CAPS,
AM0:1,VoidSwitch_1u_SMD,1,Q,
AM0:10,VoidSwitch_1u_SMD,1,3,
AM0:11,VoidSwitch_1u_SMD,1,A,
AM0:12,VoidSwitch_1u_SMD,1,E,
AM0:13,VoidSwitch_1u_SMD,1,W,
AM0:14,VoidSwitch_1u_SMD,1,S,
AM0:15,VoidSwitch_1u_SMD,1,D,
AM0:2,VoidSwitch_1.5u_SMD,1,Tab,
AM0:4,VoidSwitch_1u_SMD,1,1,
AM0:5,VoidSwitch_1u_SMD,1,2,
AM1:0,VoidSwitch_1u_SMD,1,T,
AM1:1,VoidSwitch_1u_SMD,1,R,
AM1:13,VoidSwitch_1u_SMD,1,J,
AM1:14,VoidSwitch_1u_SMD,1,H,
AM1:15,VoidSwitch_1u_SMD,1,7,
AM1:2,VoidSwitch_1u_SMD,1,4,
AM1:4,VoidSwitch_1u_SMD,1,5,
AM1:5,VoidSwitch_1u_SMD,1,6,
AM1:6,VoidSwitch_1u_SMD,1,F,
AM1:7,VoidSwitch_1u_SMD,1,G,
AM1:8,VoidSwitch_1u_SMD,1,Y,
AM1:9,VoidSwitch_1u_SMD,1,U,
AM2:0,VoidSwitch_1u_SMD,1,8,
AM2:1,VoidSwitch_1u_SMD,1,9,
AM2:10,VoidSwitch_1u_SMD,1,Minus,
AM2:11,VoidSwitch_1u_SMD,1,P,
AM2:12,VoidSwitch_1u_SMD,1,LBrack,
AM2:13,VoidSwitch_1u_SMD,1,Quot,
AM2:14,VoidSwitch_1u_SMD,1,Equal,
AM2:3,VoidSwitch_1u_SMD,1,I,
AM2:4,VoidSwitch_1u_SMD,1,K,
AM2:5,VoidSwitch_1u_SMD,1,O,
AM2:6,VoidSwitch_1u_SMD,1,Zero,
AM2:7,VoidSwitch_1u_SMD,1,L,
AM2:8,VoidSwitch_1u_SMD,1,Semi,
AM3:10,VoidSwitch_1u_SMD,1,Del,
AM3:11,VoidSwitch_1u_SMD,1,Home,
AM3:12,VoidSwitch_1u_SMD,1,End,
AM3:13,VoidSwitch_2.75u_SMD,1,RShift,
AM3:14,VoidSwitch_1u_SMD,1,Slash,
AM3:3,VoidSwitch_2u_SMD,1,BS,
AM3:4,VoidSwitch_1u_SMD,1,RBrack,
AM3:5,VoidSwitch_1.5u_SMD,1,Bslash,
AM3:6,VoidSwitch_2.25u_SMD,1,Enter,
AM3:7,VoidSwitch_1u_SMD,1,PrintScrn,
AM3:8,VoidSwitch_1u_SMD,1,Insert,
AM3:9,VoidSwitch_1u_SMD,1,Scrllck,
AM4:0,VoidSwitch_2.25u_SMD,1,LShift,
AM4:1,VoidSwitch_1u_SMD,1,Z,
AM4:10,VoidSwitch_1u_SMD,1,N,
AM4:11,VoidSwitch_1u_SMD,1,M,
AM4:12,VoidSwitch_1u_SMD,1,Comma,
AM4:13,VoidSwitch_1u_SMD,1,Period,
AM4:14,VoidSwitch_1.25u_SMD,1,RAlt,
AM4:2,VoidSwitch_1u_SMD,1,X,
AM4:3,VoidSwitch_1u_SMD,1,C,
AM4:4,VoidSwitch_1u_SMD,1,V,
AM4:5,VoidSwitch_1.25u_SMD,1,LCtrl,
AM4:6,VoidSwitch_1.25u_SMD,1,Super,
AM4:7,VoidSwitch_1.25u_SMD,1,LAlt,
AM4:8,VoidSwitch_6.25u_SMD,1,Space,
AM4:9,VoidSwitch_1u_SMD,1,B,
AM5:0,VoidSwitch_1u_SMD,1,Pause,
AM5:1,VoidSwitch_1u_SMD,1,PGUP,
AM5:10,VoidSwitch_1u_SMD,1,Divide,
AM5:11,VoidSwitch_1u_SMD,1,Multiply,
AM5:12,VoidSwitch_1u_SMD,1,Subtract,
AM5:13,VoidSwitch_2u_SMD,1,Num:0,
AM5:14,VoidSwitch_1.25u_SMD,1,RCtrl,
AM5:2,VoidSwitch_1u_SMD,1,PGDN,
AM5:3,VoidSwitch_1.25u_SMD,1,Menu,
AM5:4,VoidSwitch_1.25u_SMD,1,Fn,
AM5:5,VoidSwitch_1u_SMD,1,UP,
AM5:6,VoidSwitch_1u_SMD,1,LEFT,
AM5:7,VoidSwitch_1u_SMD,1,DOWN,
AM5:8,VoidSwitch_1u_SMD,1,RIGHT,
AM5:9,VoidSwitch_1u_SMD,1,NUM,
AM6:0,VoidSwitch_1u_SMD,1,Decimal,
AM6:1,VoidSwitch_1u_SMD,1,Num:1,
AM6:10,VoidSwitch_2uv_SMD,1,Add,
AM6:11,VoidSwitch_2uv_SMD,1,Num:Enter,
AM6:2,VoidSwitch_1u_SMD,1,Num:2,
AM6:3,VoidSwitch_1u_SMD,1,Num:3,
AM6:4,VoidSwitch_1u_SMD,1,Num:4,
AM6:5,VoidSwitch_1u_SMD,1,Num:5,
AM6:6,VoidSwitch_1u_SMD,1,Num:6,
AM6:7,VoidSwitch_1u_SMD,1,Num:7,
AM6:8,VoidSwitch_1u_SMD,1,Num:8,
AM6:9,VoidSwitch_1u_SMD,1,Num:9,
"C1, C2",0402,2,10u,
D1,D_SOD-123,1,B5819W,
F1,0603,1,500mA,
FB1,0805,1,100 @ 100 Mhz,
J1,JST_SH_BM04B-SRSS-TB_1x04-1MP_P1.00mm_Vertical,1,QWIIC,
LDO1,SOT-223-3_TabPin2,1,AMS1117-3.3,
"R1, R2",0402,2,2k2,0402WGF2201TCE
U1,BlackPill_STLINK,1,BlackPill_STLINK,
"U10, U100, U101, U102, U103, U104, U105, U11, U12, U13, U14, U15, U16, U17, U18, U19, U2, U20, U21, U22, U23, U24, U25, U26, U27, U28, U29, U3, U30, U31, U32, U33, U34, U35, U36, U37, U38, U39, U4, U40, U41, U42, U43, U44, U45, U46, U47, U48, U49, U5, U50, U51, U52, U53, U54, U55, U56, U57, U58, U59, U6, U60, U61, U62, U63, U64, U65, U66, U67, U68, U69, U7, U70, U71, U72, U73, U74, U75, U76, U77, U78, U79, U8, U80, U81, U82, U83, U84, U85, U86, U87, U88, U89, U9, U90, U91, U92, U93, U94, U95, U96, U97, U98, U99",SOT-23,104,Hall_Sensor,GH39FKSW
